الاسم,الإجمالي,أحياء,متوفون,يحتاج_مراجعة,محمد,خلف,سعد,ناصر,زويّد بن محمد,لويحق بن محمد,سالم بن محمد,محمد بن خلف,عبدالله بن خلف,خلف بن خلف,ناصر بن سعد,علي بن سعد,سعود بن سعد,عبدالله بن ناصر,صقر بن ناصر,سعد بن ناصر,محمد بن ناصر,سعود بن ناصر
محمد,623,514,109,0,172,172,14,265,15,52,105,48,62,62,8,6,0,24,86,42,27,86
عبدالله,532,444,88,0,161,137,13,221,21,50,90,46,47,44,4,9,0,20,54,41,33,73
عبدالعزيز,361,318,43,0,102,88,5,166,6,34,62,17,18,53,3,2,0,24,45,36,6,55
سعود,308,266,42,0,109,63,12,124,22,27,60,18,32,13,6,5,1,11,36,20,23,34
سعد,257,204,53,0,71,62,13,111,0,17,54,18,23,21,8,5,0,13,35,29,18,16
عبدالرحمن,245,217,28,0,44,55,5,141,2,9,33,9,17,29,3,2,0,19,33,11,6,72
إبراهيم,196,166,29,1,41,71,0,84,1,23,17,7,27,37,0,0,0,2,4,38,3,37
خالد,183,175,8,0,41,64,2,76,4,10,27,30,19,15,1,1,0,6,27,13,12,18
ناصر,180,144,36,0,48,34,3,95,13,11,24,9,25,0,3,0,0,4,29,6,9,47
فهد,105,103,2,0,32,29,2,42,1,8,23,8,12,9,2,0,0,5,13,4,8,12
فيصل,101,99,2,0,32,24,2,43,1,8,23,8,7,9,1,1,0,5,8,7,10,13
سلطان,81,80,1,0,34,17,1,29,4,8,22,7,4,6,0,1,0,2,4,4,6,13
سليمان,74,64,10,0,30,4,6,34,3,3,24,2,0,2,1,5,0,2,6,4,1,21
صقر,68,53,14,1,6,8,0,54,0,4,2,8,0,0,0,0,0,1,46,2,0,5
نايف,64,63,1,0,27,12,1,24,3,9,15,2,5,5,1,0,0,3,12,1,1,7
نواف,62,60,1,1,18,13,0,31,1,4,13,2,6,5,0,0,0,3,5,8,2,13
عمر,50,49,1,0,22,7,0,21,1,6,15,3,1,3,0,0,0,2,6,2,6,5
بدر,47,46,1,0,14,6,1,26,4,3,7,1,3,2,0,1,0,0,9,1,5,11
تركي,44,44,0,0,13,8,0,23,1,7,5,0,4,4,0,0,0,1,4,8,3,7
أحمد,43,43,0,0,14,6,2,21,1,5,8,2,1,3,1,1,0,2,7,1,4,7
مشعل,38,37,1,0,12,8,2,16,1,3,8,3,3,2,2,0,0,3,3,2,2,6
سيف,37,28,9,0,16,1,1,19,0,3,13,1,0,0,1,0,0,0,5,2,2,10
صالح,34,31,3,0,2,28,0,4,0,1,1,5,2,21,0,0,0,0,0,2,1,1
ماجد,31,31,0,0,11,6,0,14,2,1,8,2,0,4,0,0,0,5,3,0,3,3
بندر,28,28,0,0,8,7,0,13,1,2,5,1,2,4,0,0,0,1,2,2,1,7
طلال,26,26,0,0,10,4,1,11,2,1,7,1,1,2,1,0,0,2,0,1,2,6
سلمان,24,24,0,0,13,3,1,7,2,4,7,0,0,3,1,0,0,2,2,1,0,2
حمد,23,20,3,0,1,18,0,4,0,0,1,3,0,15,0,0,0,4,0,0,0,0
عبدالإله,23,23,0,0,9,5,1,8,2,2,5,2,2,1,0,1,0,0,2,2,1,3
راكان,21,21,0,0,7,3,0,11,0,2,5,0,1,2,0,0,0,0,4,1,3,3
طارق,20,19,1,0,7,5,0,8,0,1,6,1,2,2,0,0,0,1,2,1,2,2
عبدالمجيد,20,20,0,0,7,6,0,7,0,4,3,0,2,4,0,0,0,1,3,1,0,2
زياد,19,19,0,0,4,6,0,9,0,0,4,1,2,3,0,0,0,1,2,3,0,3
فارس,18,18,0,0,2,6,0,10,1,0,1,2,0,4,0,0,0,2,2,1,2,3
يزيد,17,17,0,0,8,5,0,4,0,3,5,2,2,1,0,0,0,1,0,0,0,3
مهند,17,17,0,0,5,5,0,7,1,3,1,1,2,2,0,0,0,2,0,3,1,1
خلف,16,10,6,0,0,16,0,0,0,0,0,0,1,15,0,0,0,0,0,0,0,0
عبدالملك,16,16,0,0,6,3,1,6,1,2,3,0,2,1,1,0,0,0,1,1,1,3
متعب,15,15,0,0,2,5,0,8,0,2,0,2,2,1,0,0,0,2,3,2,0,1
معاذ,15,15,0,0,5,2,0,8,0,1,4,0,1,1,0,0,0,2,1,1,1,3
مشاري,15,15,0,0,7,2,0,6,0,1,6,0,2,0,0,0,0,0,1,1,0,4
يوسف,14,13,1,0,3,2,0,9,0,1,2,2,0,0,0,0,0,0,2,0,5,2
ريان,13,13,0,0,5,5,0,3,1,0,4,4,0,1,0,0,0,0,0,0,0,3
مساعد,11,11,0,0,5,1,0,5,0,0,5,0,0,1,0,0,0,0,2,3,0,0
ياسر,10,10,0,0,1,2,1,6,0,0,1,1,1,0,1,0,0,2,1,1,0,2
وليد,10,9,1,0,8,0,0,2,0,3,5,0,0,0,0,0,0,1,1,0,0,0
عزام,10,10,0,0,3,1,0,6,0,0,3,0,1,0,0,0,0,1,0,1,2,2
مهنا,9,6,3,0,0,9,0,0,0,0,0,1,8,0,0,0,0,0,0,0,0,0
رياض,9,9,0,0,5,1,0,3,2,0,3,0,0,1,0,0,0,0,1,1,0,1
بسام,9,8,1,0,4,0,2,3,1,2,1,0,0,0,2,0,0,1,0,0,1,1
حاتم,9,9,0,0,3,1,0,5,2,0,1,0,0,1,0,0,0,1,2,0,1,1
هزاع,8,7,1,0,1,0,0,7,0,1,0,0,0,0,0,0,0,0,7,0,0,0
منصور,8,7,1,0,2,1,0,5,0,0,2,0,1,0,0,0,0,1,2,0,1,1
هشام,8,8,0,0,4,2,0,2,0,0,4,0,1,1,0,0,0,0,1,0,0,1
باسل,8,8,0,0,3,3,0,2,2,0,1,2,1,0,0,0,0,1,0,0,1,0
عبدالمحسن,8,8,0,0,3,2,0,3,0,0,3,2,0,0,0,0,0,0,1,1,0,1
تميم,8,8,0,0,2,2,0,4,0,0,2,2,0,0,0,0,0,0,0,1,0,3
الوليد,8,8,0,0,3,4,0,1,0,1,2,2,1,1,0,0,0,0,0,0,0,1
سطام,8,8,0,0,3,4,0,1,0,1,2,1,1,2,0,0,0,0,0,0,0,1
جماز,7,5,2,0,1,4,0,2,0,0,1,2,0,2,0,0,0,0,0,1,0,1
حسن,7,7,0,0,0,0,0,7,0,0,0,0,0,0,0,0,0,0,4,2,1,0
فواز,7,7,0,0,3,1,0,3,0,0,3,0,1,0,0,0,0,0,2,0,1,0
عساف,7,7,0,0,2,1,0,4,0,0,2,1,0,0,0,0,0,0,1,1,0,2
لويحق,6,1,5,0,6,0,0,0,0,6,0,0,0,0,0,0,0,0,0,0,0,0
بشر,6,6,0,0,0,0,0,6,0,0,0,0,0,0,0,0,0,0,0,0,0,6
أسامة,6,6,0,0,0,2,1,3,0,0,0,2,0,0,0,1,0,0,1,1,0,1
رائد,6,6,0,0,2,1,1,2,0,1,1,0,0,1,0,1,0,0,1,0,0,1
حاضر,6,3,3,0,6,0,0,0,0,1,5,0,0,0,0,0,0,0,0,0,0,0
رواف,6,6,0,0,3,1,0,2,0,1,2,1,0,0,0,0,0,0,1,1,0,0
سامي,5,5,0,0,1,0,1,3,0,0,1,0,0,0,0,1,0,2,0,0,0,1
عصمان,5,5,0,0,0,5,0,0,0,0,0,0,0,5,0,0,0,0,0,0,0,0
فلاح,5,5,0,0,0,0,0,5,0,0,0,0,0,0,0,0,0,0,0,5,0,0
ثامر,5,5,0,0,3,0,0,2,0,0,3,0,0,0,0,0,0,0,0,1,0,1
مصعب,5,5,0,0,2,0,0,3,0,1,1,0,0,0,0,0,0,0,0,2,0,1
حسام,5,5,0,0,0,2,0,3,0,0,0,1,0,1,0,0,0,1,0,0,1,1
عماد,4,4,0,0,0,1,1,2,0,0,0,1,0,0,0,1,0,1,0,0,0,1
المجيدعبد,4,4,0,0,0,1,0,3,0,0,0,1,0,0,0,0,0,0,0,2,0,1
نادر,4,4,0,0,0,2,0,2,0,0,0,2,0,0,0,0,0,0,2,0,0,0
الواحدعبد,4,3,1,0,1,2,0,1,0,1,0,2,0,0,0,0,0,0,1,0,0,0
عبدالحكيم,4,4,0,0,2,1,0,1,0,1,1,1,0,0,0,0,0,0,0,1,0,0
عبدالكريم,4,4,0,0,2,1,0,1,0,0,2,1,0,0,0,0,0,0,0,0,0,1
عبداللطيف,4,4,0,0,2,2,0,0,0,0,2,1,1,0,0,0,0,0,0,0,0,0
هاني,4,4,0,0,1,2,0,1,0,0,1,2,0,0,0,0,0,0,0,0,1,0
إياد,4,4,0,0,1,3,0,0,0,1,0,1,0,2,0,0,0,0,0,0,0,0
أديب,4,4,0,0,1,1,0,2,0,0,1,0,0,1,0,0,0,1,1,0,0,0
فراس,4,4,0,0,1,0,0,3,0,0,1,0,0,0,0,0,0,1,1,0,0,1
أصيل,4,4,0,0,3,0,0,1,0,2,1,0,0,0,0,0,0,0,1,0,0,0
أنس,4,4,0,0,0,1,0,3,0,0,0,0,0,1,0,0,0,2,0,0,1,0
يزن,4,4,0,0,2,0,0,2,0,0,2,0,0,0,0,0,0,0,0,0,1,1
علي,3,2,1,0,0,1,1,1,0,0,0,0,0,1,0,1,0,0,0,0,1,0
عمران,3,2,1,0,3,0,0,0,0,0,3,0,0,0,0,0,0,0,0,0,0,0
الحميدي,3,0,3,0,0,0,0,3,0,0,0,0,0,0,0,0,0,3,0,0,0,0
زويد,3,0,3,0,3,0,0,0,2,1,0,0,0,0,0,0,0,0,0,0,0,0
أيمن,3,3,0,0,0,2,0,1,0,0,0,1,0,1,0,0,0,1,0,0,0,0
جعفر,3,3,0,0,0,0,0,3,0,0,0,0,0,0,0,0,0,0,0,0,0,3
ملهي,3,3,0,0,3,0,0,0,0,0,3,0,0,0,0,0,0,0,0,0,0,0
عبدالوهاب,3,3,0,0,1,0,0,2,0,0,1,0,0,0,0,0,0,0,0,0,1,1
أمير,3,3,0,0,1,1,0,1,0,1,0,1,0,0,0,0,0,0,0,1,0,0
عمار,3,3,0,0,0,2,0,1,0,0,0,1,0,1,0,0,0,1,0,0,0,0
جواد,3,3,0,0,1,1,0,1,0,0,1,0,1,0,0,0,0,0,0,1,0,0
أجود,3,3,0,0,0,1,0,2,0,0,0,1,0,0,0,0,0,1,1,0,0,0
غيث,3,3,0,0,0,0,0,3,0,0,0,0,0,0,0,0,0,0,1,0,0,2
خيال,3,3,0,0,2,0,0,1,0,1,1,0,0,0,0,0,0,0,0,1,0,0
مازن,3,3,0,0,2,0,0,1,0,0,2,0,0,0,0,0,0,0,0,0,0,1
هتان,3,3,0,0,2,0,0,1,1,0,1,0,0,0,0,0,0,0,0,0,1,0
هلال,3,2,1,0,0,0,0,3,0,0,0,0,0,0,0,0,0,0,0,0,0,3
خليف,2,1,1,0,2,0,0,0,0,0,2,0,0,0,0,0,0,0,0,0,0,0
عادل,2,2,0,0,0,1,0,1,0,0,0,1,0,0,0,0,0,1,0,0,0,0
عقاب,2,2,0,0,0,0,0,2,0,0,0,0,0,0,0,0,0,0,0,0,0,2
جعيثن,2,1,1,0,0,0,0,2,0,0,0,0,0,0,0,0,0,0,2,0,0,0
مجيد,2,2,0,0,2,0,0,0,0,0,2,0,0,0,0,0,0,0,0,0,0,0
أيوب,2,2,0,0,2,0,0,0,0,1,1,0,0,0,0,0,0,0,0,0,0,0
معتز,2,2,0,0,1,1,0,0,0,0,1,0,0,1,0,0,0,0,0,0,0,0
مطر,2,2,0,0,2,0,0,0,2,0,0,0,0,0,0,0,0,0,0,0,0,0
يحيى,2,1,1,0,2,0,0,0,2,0,0,0,0,0,0,0,0,0,0,0,0,0
زايد,2,2,0,0,2,0,0,0,2,0,0,0,0,0,0,0,0,0,0,0,0,0
فايز,2,1,1,0,0,1,0,1,0,0,0,0,1,0,0,0,0,0,0,0,1,0
خطاب,2,2,0,0,0,1,0,1,0,0,0,0,1,0,0,0,0,1,0,0,0,0
وائل,2,2,0,0,0,1,0,1,0,0,0,0,1,0,0,0,0,0,0,1,0,0
مالك,2,2,0,0,0,2,0,0,0,0,0,0,2,0,0,0,0,0,0,0,0,0
عبدالواحد,2,1,1,0,0,1,0,1,0,0,0,1,0,0,0,0,0,0,1,0,0,0
قصي,2,2,0,0,1,0,0,1,0,0,1,0,0,0,0,0,0,0,1,0,0,0
المثنى,2,2,0,0,0,0,1,1,0,0,0,0,0,0,0,1,0,0,0,1,0,0
حاكم,2,2,0,0,1,0,0,1,0,0,1,0,0,0,0,0,0,1,0,0,0,0
عارف,2,1,1,0,1,0,0,1,0,0,1,0,0,0,0,0,0,1,0,0,0,0
مقرن,2,2,0,0,2,0,0,0,0,1,1,0,0,0,0,0,0,0,0,0,0,0
غسان,2,2,0,0,2,0,0,0,0,0,2,0,0,0,0,0,0,0,0,0,0,0
فزاع,2,2,0,0,1,0,0,1,0,0,1,0,0,0,0,0,0,0,0,0,0,1
بتال,2,2,0,0,1,0,0,1,0,0,1,0,0,0,0,0,0,0,0,0,0,1
ممدوح,2,2,0,0,1,0,0,1,0,1,0,0,0,0,0,0,0,0,0,0,0,1
بشار,2,2,0,0,1,0,0,1,1,0,0,0,0,0,0,0,0,0,0,0,0,1
عاصم,2,2,0,0,0,0,0,2,0,0,0,0,0,0,0,0,0,0,0,0,1,1
أوس,2,2,0,0,0,0,0,2,0,0,0,0,0,0,0,0,0,0,0,1,1,0
زويّد,1,0,1,0,1,0,0,0,1,0,0,0,0,0,0,0,0,0,0,0,0,0
سالم,1,0,1,0,1,0,0,0,0,0,1,0,0,0,0,0,0,0,0,0,0,0
ملوح,1,0,1,0,0,0,0,1,0,0,0,0,0,0,0,0,0,1,0,0,0,0
عبيد,1,0,1,0,0,0,0,1,0,0,0,0,0,0,0,0,0,0,0,1,0,0
مخضار,1,0,1,0,0,0,0,1,0,0,0,0,0,0,0,0,0,0,1,0,0,0
هديب,1,0,1,0,1,0,0,0,0,0,1,0,0,0,0,0,0,0,0,0,0,0
هاجد,1,1,0,0,0,1,0,0,0,0,0,0,0,1,0,0,0,0,0,0,0,0
عيسى,1,1,0,0,0,1,0,0,0,0,0,1,0,0,0,0,0,0,0,0,0,0
هذال,1,1,0,0,0,1,0,0,0,0,0,1,0,0,0,0,0,0,0,0,0,0
حازم,1,1,0,0,0,0,0,1,0,0,0,0,0,0,0,0,0,0,0,0,1,0
ماهر,1,1,0,0,1,0,0,0,0,0,1,0,0,0,0,0,0,0,0,0,0,0
مراد,1,1,0,0,1,0,0,0,0,0,1,0,0,0,0,0,0,0,0,0,0,0
عناد,1,1,0,0,0,0,0,1,0,0,0,0,0,0,0,0,0,0,1,0,0,0
جمال,1,1,0,0,0,0,0,1,0,0,0,0,0,0,0,0,0,0,1,0,0,0
العظيمعبد,1,1,0,0,1,0,0,0,0,0,1,0,0,0,0,0,0,0,0,0,0,0
مطرود,1,0,1,0,1,0,0,0,0,0,1,0,0,0,0,0,0,0,0,0,0,0
أشرف,1,1,0,0,1,0,0,0,0,1,0,0,0,0,0,0,0,0,0,0,0,0
بركات,1,1,0,0,1,0,0,0,1,0,0,0,0,0,0,0,0,0,0,0,0,0
بشير,1,1,0,0,1,0,0,0,1,0,0,0,0,0,0,0,0,0,0,0,0,0
هذلول,1,1,0,0,0,0,0,1,0,0,0,0,0,0,0,0,0,0,0,0,0,1
المحسنعبد,1,1,0,0,0,0,0,1,0,0,0,0,0,0,0,0,0,0,0,0,0,1
ثاني,1,1,0,0,0,1,0,0,0,0,0,1,0,0,0,0,0,0,0,0,0,0
موسى,1,1,0,0,0,1,0,0,0,0,0,1,0,0,0,0,0,0,0,0,0,0
خليل,1,1,0,0,0,1,0,0,0,0,0,0,1,0,0,0,0,0,0,0,0,0
سند,1,1,0,0,0,1,0,0,0,0,0,0,1,0,0,0,0,0,0,0,0,0
صلاح,1,1,0,0,0,1,0,0,0,0,0,1,0,0,0,0,0,0,0,0,0,0
زيد,1,1,0,0,0,0,0,1,0,0,0,0,0,0,0,0,0,0,1,0,0,0
ضيف الله,1,0,1,0,0,0,0,1,0,0,0,0,0,0,0,0,0,0,1,0,0,0
الوجيه,1,1,0,0,0,0,0,1,0,0,0,0,0,0,0,0,0,0,1,0,0,0
شقران,1,1,0,0,0,0,0,1,0,0,0,0,0,0,0,0,0,0,1,0,0,0
عماش,1,0,1,0,0,0,1,0,0,0,0,0,0,0,0,1,0,0,0,0,0,0
صنيتان,1,0,1,0,0,0,1,0,0,0,0,0,0,0,0,1,0,0,0,0,0,0
نهار,1,1,0,0,0,0,0,1,0,0,0,0,0,0,0,0,0,0,1,0,0,0
ثابت,1,1,0,0,0,0,0,1,0,0,0,0,0,0,0,0,0,1,0,0,0,0
راجح,1,1,0,0,0,0,1,0,0,0,0,0,0,0,1,0,0,0,0,0,0,0
تيم,1,1,0,0,0,1,0,0,0,0,0,0,0,1,0,0,0,0,0,0,0,0
ساري,1,1,0,0,0,1,0,0,0,0,0,0,0,1,0,0,0,0,0,0,0,0
نياف,1,1,0,0,0,0,0,1,0,0,0,0,0,0,0,0,0,0,0,0,0,1
كريم,1,1,0,0,0,0,0,1,0,0,0,0,0,0,0,0,0,1,0,0,0,0
البراء,1,1,0,0,0,1,0,0,0,0,0,0,0,1,0,0,0,0,0,0,0,0
بكر,1,1,0,0,0,1,0,0,0,0,0,0,0,1,0,0,0,0,0,0,0,0
الحسن,1,1,0,0,0,0,0,1,0,0,0,0,0,0,0,0,0,0,1,0,0,0
إياس,1,1,0,0,0,0,0,1,0,0,0,0,0,0,0,0,0,0,1,0,0,0
عامر,1,1,0,0,0,1,0,0,0,0,0,1,0,0,0,0,0,0,0,0,0,0
رامي,1,1,0,0,1,0,0,0,0,0,1,0,0,0,0,0,0,0,0,0,0,0
معن,1,1,0,0,1,0,0,0,0,0,1,0,0,0,0,0,0,0,0,0,0,0
المنتصر,1,1,0,0,1,0,0,0,0,0,1,0,0,0,0,0,0,0,0,0,0,0
الأمير,1,1,0,0,1,0,0,0,0,0,1,0,0,0,0,0,0,0,0,0,0,0
المعتصم,1,1,0,0,1,0,0,0,0,0,1,0,0,0,0,0,0,0,0,0,0,0
الحاكم,1,1,0,0,1,0,0,0,0,0,1,0,0,0,0,0,0,0,0,0,0,0
داود,1,1,0,0,1,0,0,0,0,0,1,0,0,0,0,0,0,0,0,0,0,0
عايش,1,1,0,0,1,0,0,0,0,0,1,0,0,0,0,0,0,0,0,0,0,0
فياض,1,1,0,0,1,0,0,0,0,0,1,0,0,0,0,0,0,0,0,0,0,0
كرم,1,1,0,0,1,0,0,0,0,0,1,0,0,0,0,0,0,0,0,0,0,0
حكيم,1,1,0,0,1,0,0,0,0,1,0,0,0,0,0,0,0,0,0,0,0,0
نمر,1,1,0,0,1,0,0,0,0,1,0,0,0,0,0,0,0,0,0,0,0,0
رعد,1,1,0,0,1,0,0,0,1,0,0,0,0,0,0,0,0,0,0,0,0,0
مطيريد,1,0,1,0,1,0,0,0,0,0,1,0,0,0,0,0,0,0,0,0,0,0
المهند,1,1,0,0,1,0,0,0,0,1,0,0,0,0,0,0,0,0,0,0,0,0
مشهور,1,1,0,0,1,0,0,0,0,1,0,0,0,0,0,0,0,0,0,0,0,0
منصف,1,1,0,0,1,0,0,0,0,1,0,0,0,0,0,0,0,0,0,0,0,0
كايد,1,1,0,0,1,0,0,0,1,0,0,0,0,0,0,0,0,0,0,0,0,0
عريفان,1,0,1,0,0,0,0,1,0,0,0,0,0,0,0,0,0,0,0,0,1,0
دحيم,1,0,1,0,0,0,0,1,0,0,0,0,0,0,0,0,0,0,0,1,0,0
صخر,1,1,0,0,0,0,0,1,0,0,0,0,0,0,0,0,0,0,0,1,0,0
الهيثم,1,1,0,0,0,0,0,1,0,0,0,0,0,0,0,0,0,0,0,1,0,0
شويمي,1,1,0,0,0,0,0,1,0,0,0,0,0,0,0,0,0,0,0,1,0,0
جهاد,1,1,0,0,0,0,0,1,0,0,0,0,0,0,0,0,0,0,0,0,1,0
